[
    {
        "group": 11,
        "topic": "Online Library Management",
        "members": [
            {
                "name": "Sai Manoj Kumar",
                "roll": "S20190010138"
            },
            {
                "name": "Manoj Srinivas",
                "roll": "S20190010013"
            },
            {
                "name": "Kranthi Kusal",
                "roll": "S20190010107"
            },
            {
                "name": "Raja Stuthi Paul",
                "roll": "S20190010137"
            }
        ]
    }
]